use [قاعدة بيانات سجن الاخيره]


--- DML----
--بيانات السجون
insert into السجن
values
(1,'بولاق_الدكرور','الجيزة',250,848684),
(2,'اكتوبر','القاهره',120,979797),
(3,'البندر','المنوفيه',200,113346),
(4,'الدوار','الاسكندريه',230,776618),
(5,'الوقف','قنا',350,886614),
(6,'الوراق','القاهره',700,997754),
(7,'القوصى','اسيوط',57,877446),
(8,'الجبيل','اسوان',121,771166),
(9,'الجلال','الفيوم',415,951753)

select * from السجن

--السجن_السجين

insert into السجن_السجين
values(30188,2),
(30154,4),
(51215,3),
(13648,1),
(95481,9),
(78451,1),
(45651,6),
(54841,7),
(24682,7),
(97461,2),
(46751,3),
(49841,9),
(41625,2),
(95413,4),
(79541,1),
(61234,5),
(98711,6),
(37993,6),
(94741,2),
(96417,3),
(15846,3),
(78456,1),
(62187,6),
(85214,2),
(96487,1),
(63158,2),
(96385,4),
(37999,2)
select * from السجن_السجين

---السجين

insert into السجين
values
(37993,'حسن','فاروق','1993-6-8','الجيزة','ذكر'),
(85214,'محمود','جمال','1993-6-8','قنا','ذكر'),
(30154,'محمد','خالد','1988-3-10','مصر-الجيزة','ذكر'),
(30188,'حسن','سيد','1997-6-12','المنوفيه','ذكر'),
(51215,'احمد','مصطفى','1999-7-7','الفيوم','ذكر'),
(13648,'هناء','جابر','1987-12-4','الفيوم','انثى'),
(95481,'خالد','كمال','1978-9-6','الجيزة','ذكر'),
(78451,'صفاء','صالح','1981-1-8','القاهره','انثى'),
(45651,'جمال','حمدان','1988-2-7','الفيوم','ذكر'),
(54841,'هانى','صدقى','1991-9-1','قنا','ذكر'),
(97461,'علاء','خيرى','1982-9-3','الجيزة','ذكر'),
(24682,'علياء','جمال','1991-11-4','المنوفيه','انثى'),
(46751,'ملك','علام','1984-1-8','الفيوم','اثنى'),
(49841,'محمد','جمال','1984-1-8','الفيوم','ذكر'),
(41625,'احمد','سيد','1994-1-8','قنا','ذكر'),
(95413,'خالد','محمد','1984-6-12','الفيوم','ذكر'),
(79541,'هناء','محمد','1994-6-12','قنا','اثنى'),
(61234,'سيد','كمال','1984-7-8','المنوفيه','ذكر'),
(98711,'خالد','وائل','1989-5-5','الجيزة','ذكر'),
(94741,'محمد','ممدوح','1984-9-8','قنا','ذكر'),
(96417,'محمود','سيد','1999-9-8','الجيزة','ذكر'),
(15846,'قاعود','بكرى','1974-9-8','الجيزة','ذكر'),
(78456,'حسناء','فاروق','1993-9-8','القاهره','انثى'),
(62187,'جمال','خالد','1999-4-8','المنوفيه','ذكر'),
(96487,'على','محمود','1993-4-8','قنا','ذكر'),
(63158,'محمد','محمود','1993-4-8','الجيزة','ذكر'),
(96385,'علاء','كامل','1993-5-8','المنوفيه','ذكر'),
(37999,'جمال','فاروق','1993-6-8','الجيزة','ذكر')

select * from السجين

-- الموظف
insert into الموظف
values
(112233,'محمد احمد',3000,'الجيزة','ذكر'),
(445566,'سيد حشمت',3250,'القاهره','ذكر'),
(778899,'صفاء خالد',4500,'قنا','انثى'),
(885552,'جابر طلعت',5000,'المنوفيه','ذكر'),
(745541,'محمد خالد',5300,'قنا','ذكر'),
(975642,'هاله محمد',3500,'الجيزة','انثى'),
(778894,'جمال على',3200,'القاهره','ذكر'),
(774411,'محمد على',2875,'قنا','ذكر'),
(331122,'غانم علاء',4000,'الجيزة','ذكر'),
(854421,'ياسمين فاضل',3500,'الفيوم','انثى'),
(877446,'عبدالله محمد',7300,'القاهره','ذكر'),
(997754,'احمد وزيرى',7400,'قنا','ذكر'),
(886614,'محمود حسن',7100,'المنوفيه','ذكر'),
(776618,'فاروق حسنى',7200,'الفيوم','ذكر'),
(113346,'سيد حسن',7100,'الجيزة','ذكر'),
(979797,'على خالد',7200,'الفيوم','ذكر'),
(951753,'محمد خيرى',7100,'الجيزة','ذكر'),
(771166,'عادل صدقى',7200,'الفيوم','ذكر'),
(997784,'سيد محفوظ',7100,'الجيزة','ذكر'),
(648315,'خالد محمود',7200,'الفيوم','ذكر'),
(848684,'جمال الهوارى',7100,'قنا','ذكر')

select * from الموظف

--الظابط

insert into الظابط
values(877446,'لواء'),
(997754,'عميد'),
(886614,'لواء'),
(776618,'عميد'),
(113346,'عميد'),
(979797,'لواء'),
(951753,'عميد'),
(771166,'نقيب'),
(848684,'لواء'),
(885552,'لواء'),
(997784,'نقيب'),
(648315,'لواء')

-- السجن الموظف

insert into السجن_الموظف
values
(112233,2),
(113346,3),
(331122	,4),
(445566	,2),
(648315	,2),
(745541	,8),
(771166	,7),
(774411	,5),
(776618	,8),
(778894	,6),
(778899	,1),
(848684	,1),
(854421	,3),
(877446	,2),
(885552	,9),
(886614	,9),
(951753	,6),
(975642	,7),
(979797	,5),
(997754	,1),
(997784	,4)


--- الحالة الصحيه

insert into الحالة_الصحية
values
(1,	37993,	'جيد','لا'),
(2,	85214,	'جيد','لا'),
(3,	30154,	'مريض','مدمن'),
(4,	30188,	'جيد','لا'),
(5,	51215,	'مريض'	,'مدمن'),
(6,	13648,	'جيد','لا'),
(7,	95481,	'مريض',	'مدمن'),
(8,	78451,	'جيد','لا'),
(9,	45651,	'مريض'	,'لا'),
(10,54841,	'جيد'	,'لا'),
(11	,97461	,'مريض'	,'مدمن'),
(12	,24682,	'جيد'	,'لا'),
(13	,46751,	'مريض','لا'),
(14	,49841	,'جيد'	,'لا'),
(15	,41625	,'جيد','لا'),
(16	,95413,	'مريض'	,'مدمن'),
(17	,79541	,'مريض',	'لا'),
(18	,61234,	'مريض',	'لا'),
(19	,98711,	'مريض',	'مدمن'),
(20	,94741,	'جيد'	,'لا'),
(21	,96417	,'جيد',	'لا'),
(22	,15846,	'جيد'	,'لا'),
(23	,78456,	'جيد'	,'لا'),
(24	,62187,	'جيد'	,'لا'),
(25	,96487,	'مريض','لا'),
(26	,63158,	'جيد'	,'لا'),
(27	,96385,	'مريض'	,'لا'),
(28	,37999	,'مريض'	,'مدمن')


--- الحالة الاجتماعيه
insert into الحالة_الاجتماعية
values
(1,	37993,	'متزوج','نعم','3','حسن السمعه'),
(2,	85214,	'متزوج','نعم','5','حسن السمعه'),
(3,	30154,	'اعزب','نعم','1','حسن السمعه'),
(4,	30188,	'متزوج','نعم','4','سئ السمعه'),
(5,	51215,	'متزوج','نعم','6','حسن السمعه'),
(6,	13648,	'متزوج','نعم','2','سئ السمعه'),
(7,	95481,	'متزوج','نعم','3','حسن السمعه'),
(8,	78451,	'متزوج','نعم','5','حسن السمعه'),
(9,	45651,	'متزوج','نعم','2','حسن السمعه'),
(10,54841,	'مطلق','نعم','2','سئ السمعه'),
(11	,97461 ,'متزوج','نعم','6','حسن السمعه'),
(12	,24682,	'اعزب','لا','0','سئ السمعه'),
(13	,46751,	'اعزب','لا','0','حسن السمعه'),
(14	,49841	,'متزوج','نعم','6','حسن السمعه'),
(15	,41625	,'متزوج','نعم','3','سئ السمعه'),
(16	,95413,		'اعزب','لا','2','حسن السمعه'),
(17	,79541	,	'متزوج','نعم','3','سئ السمعه'),
(18	,61234,		'متزوج','نعم','2','حسن السمعه'),
(19	,98711,		'اعزب','لا','1','سئ السمعه'),
(20	,94741,		'متزوج','نعم','3','سئ السمعه'),
(21	,96417	,	'متزوج','نعم','3','سئ السمعه'),
(22	,15846,		'متزوج','نعم','3','حسن السمعه'),
(23	,78456,		'متزوج','نعم','3','سئ السمعه'),
(24	,62187,		'متزوج','نعم','3','حسن السمعه'),
(25	,96487,		'متزوج','نعم','3','حسن السمعه'),
(26	,63158,		'اعزب','نعم','3','سئ السمعه'),
(27	,96385,		'متزوج','نعم','3','حسن السمعه'),
(28	,37999	,	'اعزب','نعم','3','سى السمعه')


-- الحاله الجنائية

insert into الحالة_الجنائية
values
(1,	37993,	'قتل','2009-10-5',25),
(2,	85214,	'سرقة','2016-1-25',3),
(3,	30154,	'شروع فى قتل','2014-12-3',5),
(4,	30188,'قتل','2018-11-5',25),
(5,	51215,	'سرقة','2022-10-9',2),
(6,	13648,	'سرقة','2009-10-5',3),
(7,	95481, 'قتل','2010-10-5',10),
(8,	78451,	'سرقة','2013-10-5',2),
(9,	45651,'قتل','2017-10-5',10),
(10,54841,	'سرقة','2016-10-5',4),
(11	,97461 ,'نصب','2018-10-5',5),
(12	,24682,	'سرقة','2016-10-5',4),
(13	,46751,	'نصب','2020-10-5',6),
(14	,49841	,'سرقة','2016-10-5',4),
(15	,41625	,'نصب','2019-11-6',4),
(16	,95413,	'سرقة','2020-10-5',6),
(17	,79541	,'نصب','2017-6-7',4),
(18	,61234,	'سرقة','2019-10-15',4),
(19	,98711,	'سرقة','2022-12-6',4),
(20	,94741,		'قتل','2016-10-5',25),
(21	,96417	,'سرقة','2018-8-8',4),
(22	,15846,		'نصب','2016-10-5',4),
(23	,78456,		'سرقة','2016-10-5',4),
(24	,62187,		'شروع فى قتل','2019-10-5',15),
(25	,96487,	 'قتل','2021-10-5',20),
(26	,63158,		'سرقة','2022-9-5',6),
(27	,96385,		'سرقة','2018-10-1',7),
(28	,37999	,	'سرقة','2015-10-25',7)

select * from الحالة_الجنائية

-- الحالة العلمية

insert into الحالة_العلمية
values
(1,	37993,	'ثانوى','نعم'),
(2,	85214,	'جامعه','لا'),
(3,	30154,	'اعدادى','لا'),
(4,	30188, 'جامعه','لا'),
(5,	51215,	'جامعه','نعم'),
(6,	13648,	'ثانوى','لا'),
(7,	95481, 'اعدادى','لا'),
(8,	78451,	'ثانوى','لا'),
(9,	45651, 'اعدادى','لا'),
(10,54841,	'جامعه','لا'),
(11	,97461 ,'ثانوى','لا'),
(12	,24682,	'اعدادى','لا'),
(13	,46751,	'ثانوى','نعم'),
(14	,49841	,'ثانوى','لا'),
(15	,41625	,'اعدادى','لا'),
(16	,95413,	'جامعه','لا'),
(17	,79541	,'جامعه','لا'),
(18	,61234,	'ثانوى','لا'),
(19	,98711,	'ثانوى','نعم'),
(20	,94741,	'جامعه','لا'),
(21	,96417	,'اعدادى','لا'),
(22	,15846,	'ابتدائى','لا'),
(23	,78456,	'ثانوى','لا'),
(24	,62187,		'ثانوى','لا'),
(25	,96487,	 'جامعه','لا'),
(26	,63158,		'ثانوى','لا'),
(27	,96385,		'ابتدائى','لا'),
(28	,37999	,'ابتدائى','لا')


select * from الحالة_العلمية

--الحالة المهنيه
insert into الحالة_المهنية
values
(1,	37993,	'فلاح','مزارع'),
(2,	85214,	'عمل حر','محامى'),
(3,	30154,	'موظف','مدرس'),
(4,	30188, 'موظف','مدرس'),
(5,	51215,	'فلاح','مزارع'),
(6,	13648,	'فلاح','مزارع'),
(7,	95481, 'فلاح','مزارع'),
(8,	78451,	'فلاح','مزارع'),
(9,	45651, 'موظف','دكتور'),
(10,54841,	'فلاح','مزارع'),
(11	,97461 ,'موظف','مهندس'),
(12	,24682,	'موظف','مهندس'),
(13	,46751,	'فلاح','مزارع'),
(14	,49841	,'عمل حر','محامى'),
(15	,41625	,'عمل حر','مبرمج'),
(16	,95413,	'فلاح','مزارع'),
(17	,79541	,	'موظف','مهندس'),
(18	,61234,		'فلاح','مزارع'),
(19	,98711,	'موظف','مدرس'),
(20	,94741,		'فلاح','مزارع'),
(21	,96417	,	'موظف','ممرض'),
(22	,15846,		'فلاح','مزارع'),
(23	,78456,		'موظف','عامل مسجد'),
(24	,62187,			'فلاح','مزارع'),
(25	,96487,		'موظف','مدرس'),
(26	,63158,			'فلاح','مزارع'),
(27	,96385,		'فلاح','مزارع'),
(28	,37999	,	'فلاح','مزارع')


-- الحالة المادية
insert into الحالة_المادية
values
(1,	37993,	'سيد حسن','مدرس'),
(2,	85214,	'سيد حسن','مدرس'),
(3,	30154,	'عالية','رجل اعمال'),
(4,	30188, 'متوسطة','مدرس'),
(5,	51215,	'ضعيفه','لا يوجد'),
(6,	13648,	'متوسطة','مدرس'),
(7,	95481, 'ضعيفه','لا يوجد'),
(8,	78451,	'متوسطة','سوبر ماركت'),
(9,	45651, 'متوسطة','دكتور'),
(10,54841,	'ضعيفه','قطعة ارض'),
(11	,97461 ,'متوسطة','مهندس'),
(12	,24682,	'متوسطة','مهندس'),
(13	,46751,	'متوسطة','مدرس'),
(14	,49841	,'ضعيفة','مدرس'),
(15	,41625	,'متوسطة','عمل حر'),
(16	,95413,	'متوسطة','سوبر ماركت'),
(17	,79541	,'ضعيفه','محل تصليح'),
(18	,61234,	'عالية','رجل اعمال'),
(19	,98711,	'متوسطة','ممرض'),
(20	,94741,		'متوسطة','دكتور'),
(21	,96417	,	'متوسطة','محامى'),
(22	,15846,		'متوسطة','مدرس'),
(23	,78456,		'متوسطة','محل ادوات كهربية'),
(24	,62187,			'متوسطة','قطعة ارض'),
(25	,96487,		'متوسطة','قطعة ارض'),
(26	,63158,			'متوسطة','مدرس'),
(27	,96385,		'ضعيفة','لا يوجد'),
(28	,37999	,	'ضعيفة','لا يوجد')


-- الحالة السياسية

insert into الحالة_السياسية
values
(1,	37993,	'مسجون سياسى','لا'),
(2,	85214,	'سليم','لا'),
(3,	30154,	'عضو تنظيم سرى','نعم'),
(4,	30188, 'سليم','لا'),
(5,	51215,	'سليم','لا'),
(6,	13648,	'سليم','نعم'),
(7,	95481,  'سليم','لا'),
(8,	78451,	'سليم','لا'),
(9,	45651, 'مسجون سياسى','لا'),
(10,54841,	'سليم','لا'),
(11	,97461 ,'سليم','نعم'),
(12	,24682,	'سليم','لا'),
(13	,46751,	'مسجون سياسى','لا'),
(14	,49841,	'عضو تنظيم سرى','نعم'),
(15	,41625	,'سليم','لا'),
(16	,95413,	'سليم','لا'),
(17	,79541	,'سليم','لا'),
(18	,61234,'سليم','لا'),
(19	,98711,'عضو تنظيم سرى','نعم'),
(20	,94741,	'سليم','لا'),
(21	,96417	,	'سليم','لا'),
(22	,15846,		'سليم','لا'),
(23	,78456,	'سليم','لا'),
(24	,62187,		'سليم','لا'),
(25	,96487,		'سليم','لا'),
(26	,63158,			'سليم','نعم'),
(27	,96385,		'سليم','لا'),
(28	,37999	,	'سليم','لا')


--الحاله داخل السجن
insert into الحالة_داخل_السجن
values
(1,	37993,	'سيد حسن','عادى','عامل','قتل','قتل متعمد','2027-10-1','2025-10-1'),
(2,	85214,	'على خالد','انفرادى','مزارع','سرقة','سرقة محل','2025-10-1','2024-10-1'),
(3,	30154,	'على خالد','عادى','عامل','شروع فى قتل','متعمد','2030-10-1','2028-10-1'),
(4,	30188, 'سيد حسن','عادى','مزارع','قتل','قتل متعمد','2027-10-1','2025-10-1'),
(5,	51215,	'على خالد','عادى','عامل','سرقة','سرقة منزل','2027-10-1','2025-10-1'),
(6,	13648,	'على خالد','عادى','مزارع','سرقة','سرقة دراجة نارية','2027-10-1','2025-10-1'),
(7,	95481,  'محمود حسن','انفرادى','عامل','قتل','قتل غير متعمد','2027-10-1','2025-10-1'),
(8,	78451,	'سيد حسن','عادى','مزارع','سرقة','سرقة محل','2027-10-1','2025-10-1'),
(9,	45651, 'محمود حسن','عادى','عامل','قتل','قتل متعمد','2027-10-1','2025-10-1'),
(10,54841,	'سيد حسن','عادى','مزارع','سرقة','سرقة منزل','2024-10-1','2023-10-1'),
(11	,97461 ,'محمود حسن','عادى','مزارع','نصب','تزوير شيكات','2027-10-1','2025-10-1'),
(12	,24682,	'سيد حسن','انفرادى','عامل','سرقة','سرقة دراجة نارية','2027-10-1','2025-10-1'),
(13	,46751,	'محمود حسن','عادى','عامل','نصب','غسيل اموال','2029-10-1','2025-10-1'),
(14	,49841,	'سيد حسن','عادى','مزارع','سرقة','سرقة محل','2035-10-1','2029-10-1'),
(15	,41625	,'سيد حسن','عادى','عامل','نصب','غسيل اموال','2024-10-1','2022-10-1'),
(16	,95413,	'على خالد','عادى','عامل','سرقة','سرقة منزل','2027-10-1','2025-10-1'),
(17	,79541	,'سيد حسن','عادى','عامل','نصب','تزوير شيكات','2027-10-1','2025-10-1'),
(18	,61234,'خالد محمود','انفرادى','مزارع','سرقة','سرقة محل','2027-10-1','2025-10-1'),
(19	,98711,'جمال الهوارى','عادى','عامل','سرقة','سرقة دراجة نارية','2027-10-1','2025-10-1'),
(20	,94741,	'محمود حسن','عادى','عامل','قتل','قتل غير متعمد','2027-10-1','2025-10-1'),
(21	,96417	,	'خالد محمود','عادى','مزارع','سرقة','سرقة محل','2027-10-1','2025-10-1'),
(22	,15846,		'خالد محمود','عادى','عامل','نصب','تزوير شيكات','2027-10-1','2025-10-1'),
(23	,78456,	'جمال الهوارى','عادى','عامل','سرقة','سرقة محل','2027-10-1','2025-10-1'),
(24	,62187,		'سيد حسن','عادى','مزارع','شروع فى قتل','غير متعمد','2027-10-1','2025-10-1'),
(25	,96487,		'على خالد','عادى','عامل','قتل','قتل متعمد','2027-10-1','2025-10-1'),
(26	,63158,			'جمال الهوارى','عادى','عامل','سرقة','سرقة منزل','2027-10-1','2025-10-1'),
(27	,96385,		'سيد حسن','عادى','عامل','سرقة','سرقة محل','2027-10-1','2025-10-1'),
(28	,37999	,	'جمال الهوارى','عادى','مزارع','سرقة','سرقة دراجة نارية','2027-10-1','2025-10-1')


-- الزيارات
insert into الزيارات
values
(165548,	37993,	'خالد كمال',4),
(646512,	85214,	'مصطفى سيد',5),
(514561,	30154,	'محمد خالد',4),
(798455,	30188, 'سماح محمد',6),
(456441,	51215,	'امينه سيد',4),
(565656,	13648,	'جمال راضى',5),
(654564,	95481, 'خالد على',6),
(565412,	78451,	'محمد سيد',4),
(565612	,49841	,'على محمد',4),
(658471,41625	,'تامر هيثم',5),
(136487	,96385,'سناء مصطفى',6)

